{"profile": "tabular-data-package", "resources": [{"path": "data\\covid19_italy_region.csv", "profile": "tabular-data-resource", "name": "covid19_italy_region", "format": "csv", "mediatype": "text/csv", "encoding": "utf-8", "schema": {"fields": [{"name": "SNo", "type": "integer", "format": "default", "rdfType": "http://schema.org/identifier"}, {"name": "Date", "type": "date", "format": "default", "rdfType": "http://schema.org/cvdCollectionDate", "description": "the date of case observation in ISO8601 format YYYY-MM-DDThh:mm:ss"}, {"name": "Country", "type": "string", "format": "default", "rdfType": "http://schema.org/Country"}, {"name": "RegionCode", "type": "integer", "format": "default", "rdfType": "http://schema.org/Country"}, {"name": "RegionName", "type": "string", "format": "default", "rdfType": "http://schema.org/State"}, {"name": "WikidataRegionURI", "type": "string", "format": "default", "rdfType": "http://schema.org/State", "description": "Wikidata URI for the RegionName"}, {"name": "Longitude", "type": "number", "format": "default", "rdfType": "http://schema.org/longitude"}, {"name": "HospitalizedPatients", "type": "number", "format": "default", "description": "Hospitalised patients with symptoms"}, {"name": "IntensiveCarePatients", "type": "integer", "format": "default", "description": "Intensive Care"}, {"name": "TotalHospitalizedPatients", "type": "integer", "format": "default", "description": "Total hospitalised patients", "rdfType": "http://schema.org/cvdNumC19HospPats"}, {"name": "HomeConfinement", "type": "integer", "format": "default", "description": "Home confinement"}, {"name": "CurrentPositiveCases", "type": "integer", "format": "default", "description": "Total amount of current positive cases (Hospitalised patients + Home confinement)"}, {"name": "NewPositiveCases", "type": "integer", "format": "default", "description": "New amount of current positive cases (totale_positivi current day - totale_positivi previous day)"}, {"name": "Recovered", "type": "integer", "format": "default", "description": "Recovered"}, {"name": "Deaths", "type": "integer", "format": "default", "description": "Death", "rdfType": "http://schema.org/cvdNumC19Died"}, {"name": "TotalPositiveCases", "type": "integer", "format": "default", "description": "Total amount of positive cases"}, {"name": "TestsPerformed", "type": "integer", "format": "default", "description": "Tests performed"}, {"name": "TestsPerformed", "type": "integer", "format": "default"}], "missingValues": [""]}}]}